-- phpMyAdmin SQL Dump
-- version 4.8.4
-- https://www.phpmyadmin.net/
--
-- Host: 127.0.0.1
-- Generation Time: Apr 05, 2020 at 02:51 PM
-- Server version: 10.1.37-MariaDB
-- PHP Version: 7.3.0

SET SQL_MODE = "NO_AUTO_VALUE_ON_ZERO";
SET AUTOCOMMIT = 0;
START TRANSACTION;
SET time_zone = "+00:00";


/*!40101 SET @OLD_CHARACTER_SET_CLIENT=@@CHARACTER_SET_CLIENT */;
/*!40101 SET @OLD_CHARACTER_SET_RESULTS=@@CHARACTER_SET_RESULTS */;
/*!40101 SET @OLD_COLLATION_CONNECTION=@@COLLATION_CONNECTION */;
/*!40101 SET NAMES utf8mb4 */;

--
-- Database: `zwebb`
--

-- --------------------------------------------------------

--
-- Table structure for table `migrations`
--

CREATE TABLE `migrations` (
  `id` int(10) UNSIGNED NOT NULL,
  `migration` varchar(255) NOT NULL,
  `batch` int(11) NOT NULL
) ENGINE=InnoDB DEFAULT CHARSET=utf8;

--
-- Dumping data for table `migrations`
--

INSERT INTO `migrations` (`id`, `migration`, `batch`) VALUES
(18, '2020_02_28_151457_create_routes_table', 1),
(19, '2020_02_28_151525_create_stops_table', 1),
(20, '2020_03_02_140116_create_trips_table', 1);

-- --------------------------------------------------------

--
-- Table structure for table `routes`
--

CREATE TABLE `routes` (
  `id` bigint(20) UNSIGNED NOT NULL,
  `route_name` varchar(255) NOT NULL
) ENGINE=InnoDB DEFAULT CHARSET=utf8;

--
-- Dumping data for table `routes`
--

INSERT INTO `routes` (`id`, `route_name`) VALUES
(1, 'Požega - Kraljevo'),
(2, 'Kraljevo - Požega'),
(3, 'Kraljevo - Jagodina'),
(4, 'Jagodina - Kraljevo'),
(5, 'Kraljevo - Kragujevac'),
(6, 'Kragujevac - Kraljevo');

-- --------------------------------------------------------

--
-- Table structure for table `stops`
--

CREATE TABLE `stops` (
  `id` bigint(20) UNSIGNED NOT NULL,
  `stop_name` varchar(255) NOT NULL
) ENGINE=InnoDB DEFAULT CHARSET=utf8;

--
-- Dumping data for table `stops`
--

INSERT INTO `stops` (`id`, `stop_name`) VALUES
(1, 'Požega'),
(2, 'Dragačevo'),
(3, 'Ovčar Banja'),
(4, 'Trbušani'),
(5, 'Čačak'),
(6, 'Zablaće'),
(7, 'Goričani'),
(8, 'Samaila'),
(9, 'Adrani'),
(10, 'Kraljevo'),
(11, 'Ratina'),
(12, 'Podunavci'),
(13, 'Vrnjačka banja'),
(14, 'Trstenik'),
(15, 'Stopanja'),
(16, 'Kruševac'),
(17, 'Stalać'),
(18, 'Ćićevac'),
(19, 'Paraćin'),
(20, 'Ćuprija'),
(21, 'Jagodina'),
(22, 'Sirča'),
(23, 'Vitanovac'),
(24, 'Vitkovac'),
(25, 'Guberevac'),
(26, 'Gruža'),
(27, 'Knić'),
(28, 'Grošnica'),
(29, 'Kragujevac');

-- --------------------------------------------------------

--
-- Table structure for table `trips`
--

CREATE TABLE `trips` (
  `id` bigint(20) UNSIGNED NOT NULL,
  `route_id` varchar(255) NOT NULL,
  `stop_id` varchar(255) NOT NULL,
  `arrival` varchar(255) NOT NULL,
  `travel_time` varchar(255) NOT NULL,
  `broj` int(11) NOT NULL
) ENGINE=InnoDB DEFAULT CHARSET=utf8;

--
-- Dumping data for table `trips`
--

INSERT INTO `trips` (`id`, `route_id`, `stop_id`, `arrival`, `travel_time`, `broj`) VALUES
(1, '1', '1', '05:20', '9', 1),
(2, '1', '2', '05:29', '8', 1),
(3, '1', '3', '05:37', '9', 1),
(4, '1', '4', '05:46', '4', 1),
(5, '1', '5', '05:50', '9', 1),
(6, '1', '6', '05:59', '10', 1),
(7, '1', '7', '06:09', '4', 1),
(8, '1', '8', '06:13', '6', 1),
(9, '1', '9', '06:19', '7', 1),
(10, '1', '10', '06:26', '0', 1),
(11, '1', '1', '10:00', '10', 2),
(12, '1', '2', '10:10', '9', 2),
(13, '1', '3', '10:19', '10', 2),
(14, '1', '4', '10:29', '17', 2),
(15, '1', '5', '10:46', '10', 2),
(16, '1', '6', '10:56', '11', 2),
(17, '1', '7', '11:07', '5', 2),
(18, '1', '8', '11:12', '7', 2),
(19, '1', '9', '11:19', '7', 2),
(20, '1', '10', '11:26', '0', 2),
(21, '1', '1', '12:35', '10', 3),
(22, '1', '2', '12:45', '9', 3),
(23, '1', '3', '12:54', '10', 3),
(24, '1', '4', '13:04', '17', 3),
(25, '1', '5', '13:21', '10', 3),
(26, '1', '6', '13:31', '11', 3),
(27, '1', '7', '13:42', '5', 3),
(28, '1', '8', '13:47', '7', 3),
(29, '1', '9', '13:54', '7', 3),
(30, '1', '10', '14:01', '0', 3),
(31, '1', '1', '15:07', '10', 4),
(32, '1', '2', '15:17', '9', 4),
(33, '1', '3', '15:26', '10', 4),
(34, '1', '4', '15:36', '19', 4),
(35, '1', '5', '15:55', '10', 4),
(36, '1', '6', '16:05', '10', 4),
(37, '1', '7', '16:15', '5', 4),
(38, '1', '8', '16:20', '8', 4),
(39, '1', '9', '16:28', '7', 4),
(40, '1', '10', '16:35', '0', 4),
(41, '1', '1', '17:25', '10', 5),
(42, '1', '2', '17:35', '8', 5),
(43, '1', '3', '17:43', '9', 5),
(44, '1', '4', '17:52', '16', 5),
(45, '1', '5', '18:08', '9', 5),
(46, '1', '6', '18:17', '10', 5),
(47, '1', '7', '18:27', '5', 5),
(48, '1', '8', '18:32', '7', 5),
(49, '1', '9', '18:39', '7', 5),
(50, '1', '10', '18:46', '0', 5),
(51, '1', '1', '20:45', '10', 6),
(52, '1', '2', '20:55', '9', 6),
(53, '1', '3', '21:04', '10', 6),
(54, '1', '4', '21:14', '5', 6),
(55, '1', '5', '21:19', '10', 6),
(56, '1', '6', '21:29', '11', 6),
(57, '1', '7', '21:40', '5', 6),
(58, '1', '8', '21:45', '7', 6),
(59, '1', '9', '21:52', '7', 6),
(60, '1', '10', '21:59', '0', 6),
(61, '1', '1', '22:45', '10', 7),
(62, '1', '2', '22:55', '8', 7),
(63, '1', '3', '23:03', '9', 7),
(64, '1', '4', '23:12', '5', 7),
(65, '1', '5', '23:17', '10', 7),
(66, '1', '6', '23:27', '11', 7),
(67, '1', '7', '23:38', '5', 7),
(68, '1', '8', '23:43', '7', 7),
(69, '1', '9', '23:50', '7', 7),
(70, '1', '10', '23:57', '0', 7),
(71, '2', '10', '06:31', '7', 1),
(72, '2', '9', '06:38', '6', 1),
(73, '2', '8', '06:44', '4', 1),
(74, '2', '7', '06:48', '10', 1),
(75, '2', '6', '06:58', '10', 1),
(76, '2', '5', '07:08', '5', 1),
(77, '2', '4', '07:13', '11', 1),
(78, '2', '3', '07:24', '9', 1),
(79, '2', '2', '07:33', '9', 1),
(80, '2', '1', '07:42', '0', 1),
(81, '2', '10', '10:00', '8', 2),
(82, '2', '9', '10:08', '7', 2),
(83, '2', '8', '10:15', '4', 2),
(84, '2', '7', '10:19', '12', 2),
(85, '2', '6', '10:31', '10', 2),
(86, '2', '5', '10:41', '5', 2),
(87, '2', '4', '10:46', '11', 2),
(88, '2', '3', '10:57', '9', 2),
(89, '2', '2', '11:06', '9', 2),
(90, '2', '1', '11:15', '0', 2),
(91, '2', '10', '12:35', '8', 3),
(92, '2', '9', '12:43', '7', 3),
(93, '2', '8', '12:50', '4', 3),
(94, '2', '7', '12:54', '12', 3),
(95, '2', '6', '13:06', '10', 3),
(96, '2', '5', '13:16', '5', 3),
(97, '2', '4', '13:21', '11', 3),
(98, '2', '3', '13:32', '9', 3),
(99, '2', '2', '13:41', '9', 3),
(100, '2', '1', '13:50', '0', 3),
(101, '2', '10', '15:10', '8', 4),
(102, '2', '9', '15:18', '7', 4),
(103, '2', '8', '15:25', '4', 4),
(104, '2', '7', '15:29', '11', 4),
(105, '2', '6', '15:40', '10', 4),
(106, '2', '5', '15:50', '5', 4),
(107, '2', '4', '15:55', '11', 4),
(108, '2', '3', '16:06', '9', 4),
(109, '2', '2', '16:15', '9', 4),
(110, '2', '1', '16:24', '0', 4),
(111, '2', '10', '19:05', '8', 5),
(112, '2', '9', '19:13', '7', 5),
(113, '2', '8', '19:20', '4', 5),
(114, '2', '7', '19:24', '12', 5),
(115, '2', '6', '19:36', '10', 5),
(116, '2', '5', '19:46', '5', 5),
(117, '2', '4', '19:51', '11', 5),
(118, '2', '3', '20:02', '9', 5),
(119, '2', '2', '20:11', '9', 5),
(120, '2', '1', '20:20', '0', 5),
(121, '3', '10', '04:55', '13', 1),
(122, '3', '11', '05:08', '17', 1),
(123, '3', '12', '05:25', '20', 1),
(124, '3', '13', '05:45', '14', 1),
(125, '3', '14', '05:59', '29', 1),
(126, '3', '15', '06:28', '40', 1),
(127, '3', '16', '07:08', '30', 1),
(128, '3', '17', '07:38', '8', 1),
(129, '3', '18', '07:46', '19', 1),
(130, '3', '19', '08:05', '7', 1),
(131, '3', '20', '08:12', '11', 1),
(132, '3', '21', '08:23', '0', 1),
(133, '3', '10', '14:55', '13', 2),
(134, '3', '11', '15:08', '17', 2),
(135, '3', '12', '15:25', '20', 2),
(136, '3', '13', '15:45', '14', 2),
(137, '3', '14', '15:59', '29', 2),
(138, '3', '15', '16:28', '40', 2),
(139, '3', '16', '17:08', '32', 2),
(140, '3', '17', '17:40', '8', 2),
(141, '3', '18', '17:48', '19', 2),
(142, '3', '19', '18:07', '7', 2),
(143, '3', '20', '18:14', '11', 2),
(144, '3', '21', '18:25', '0', 2),
(145, '4', '21', '08:50', '12', 1),
(146, '4', '20', '09:02', '7', 1),
(147, '4', '19', '09:09', '31', 1),
(148, '4', '18', '09:40', '8', 1),
(149, '4', '17', '09:48', '29', 1),
(150, '4', '16', '10:17', '40', 1),
(151, '4', '15', '10:57', '29', 1),
(152, '4', '14', '11:26', '14', 1),
(153, '4', '13', '11:40', '20', 1),
(154, '4', '12', '12:00', '17', 1),
(155, '4', '11', '12:17', '12', 1),
(156, '4', '10', '12:29', '0', 1),
(157, '4', '21', '18:49', '17', 2),
(158, '4', '20', '19:06', '7', 2),
(159, '4', '19', '19:13', '31', 2),
(160, '4', '18', '19:44', '9', 2),
(161, '4', '17', '19:53', '29', 2),
(162, '4', '16', '20:22', '40', 2),
(163, '4', '15', '21:02', '29', 2),
(164, '4', '14', '21:31', '14', 2),
(165, '4', '13', '21:45', '20', 2),
(166, '4', '12', '22:05', '17', 2),
(167, '4', '11', '22:22', '12', 2),
(168, '4', '10', '22:34', '0', 2),
(169, '5', '10', '06:55', '6', 1),
(170, '5', '22', '07:01', '21', 1),
(171, '5', '23', '07:22', '16', 1),
(172, '5', '24', '07:38', '15', 1),
(173, '5', '25', '07:53', '14', 1),
(174, '5', '26', '08:07', '11', 1),
(175, '5', '27', '08:18', '23', 1),
(176, '5', '28', '08:41', '12', 1),
(177, '5', '29', '08:53', '0', 1),
(178, '5', '10', '15:00', '6', 2),
(179, '5', '22', '15:06', '21', 2),
(180, '5', '23', '15:27', '16', 2),
(181, '5', '24', '15:43', '15', 2),
(182, '5', '25', '15:58', '14', 2),
(183, '5', '26', '16:12', '11', 2),
(184, '5', '27', '16:23', '23', 2),
(185, '5', '28', '16:46', '12', 2),
(186, '5', '29', '16:58', '0', 2),
(187, '6', '29', '11:59', '12', 1),
(188, '6', '28', '12:11', '24', 1),
(189, '6', '27', '12:35', '11', 1),
(190, '6', '26', '12:46', '14', 1),
(191, '6', '25', '13:00', '15', 1),
(192, '6', '24', '13:15', '16', 1),
(193, '6', '23', '13:31', '21', 1),
(194, '6', '21', '13:52', '5', 1),
(195, '6', '10', '13:57', '0', 1),
(196, '6', '29', '20:12', '12', 2),
(197, '6', '28', '20:24', '24', 2),
(198, '6', '27', '20:48', '11', 2),
(199, '6', '26', '20:59', '14', 2),
(200, '6', '25', '21:13', '15', 2),
(201, '6', '24', '21:28', '16', 2),
(202, '6', '23', '21:44', '21', 2),
(203, '6', '22', '22:05', '6', 2),
(204, '6', '10', '22:11', '0', 2);

--
-- Indexes for dumped tables
--

--
-- Indexes for table `migrations`
--
ALTER TABLE `migrations`
  ADD PRIMARY KEY (`id`);

--
-- Indexes for table `routes`
--
ALTER TABLE `routes`
  ADD PRIMARY KEY (`id`);

--
-- Indexes for table `stops`
--
ALTER TABLE `stops`
  ADD PRIMARY KEY (`id`);

--
-- Indexes for table `trips`
--
ALTER TABLE `trips`
  ADD PRIMARY KEY (`id`),
  ADD KEY `trips_route_id_index` (`route_id`),
  ADD KEY `trips_stop_id_index` (`stop_id`);

--
-- AUTO_INCREMENT for dumped tables
--

--
-- AUTO_INCREMENT for table `migrations`
--
ALTER TABLE `migrations`
  MODIFY `id` int(10) UNSIGNED NOT NULL AUTO_INCREMENT, AUTO_INCREMENT=21;

--
-- AUTO_INCREMENT for table `routes`
--
ALTER TABLE `routes`
  MODIFY `id` bigint(20) UNSIGNED NOT NULL AUTO_INCREMENT, AUTO_INCREMENT=7;

--
-- AUTO_INCREMENT for table `stops`
--
ALTER TABLE `stops`
  MODIFY `id` bigint(20) UNSIGNED NOT NULL AUTO_INCREMENT, AUTO_INCREMENT=30;

--
-- AUTO_INCREMENT for table `trips`
--
ALTER TABLE `trips`
  MODIFY `id` bigint(20) UNSIGNED NOT NULL AUTO_INCREMENT, AUTO_INCREMENT=205;
COMMIT;

/*!40101 SET CHARACTER_SET_CLIENT=@OLD_CHARACTER_SET_CLIENT */;
/*!40101 SET CHARACTER_SET_RESULTS=@OLD_CHARACTER_SET_RESULTS */;
/*!40101 SET COLLATION_CONNECTION=@OLD_COLLATION_CONNECTION */;
